Model,Rank,Rank-Before,Average,Average-Before,Boolean Expressions (× 0.0075),Causal Judgement (× 0.0099),Date Understanding (× 0.0079),Disambiguation QA (× 0.0090),Dyck Languages (× 0.0176),Formal Fallacies (× 1.0000),Geometric Shapes (× 0.0100),Hyperbaton (× 0.0090),Logical Deduction Three Objects (× 0.0075),Logical Deduction Five Objects (× 0.0100),Logical Deduction Seven Objects (× 0.0112),Movie Recommendation (× 0.0071),Multistep Arithmetic Two (× 0.0075),Navigate (× 0.0075),Object Counting (× 0.0070),Penguins In A Table (× 0.0080),Reasoning About Colored Objects (× 0.0069),Ruin Names (× 0.0074),Salient Translation Error Detection (× 0.0095),Snarks (× 0.0122),Sports Understanding (× 0.0064),Temporal Sequences (× 0.0057),Tracking Shuffled Objects Three Objects (× 0.0088),Tracking Shuffled Objects Five Objects (× 0.0073),Tracking Shuffled Objects Seven Objects (× 0.0077),Web Of Lies (× 0.0053),Word Sorting (× 0.0129)
GPT-4,1.0,1.0,3.709899273220136,86.72222222222223,0.7217658553422669,0.7168273372150575,0.7067038099963979,0.7726270811946725,1.1141954171263186,81.2,0.4942469945158062,0.8958101343195018,0.7367345236391994,0.8401710684854119,0.6609460177250607,0.6187287927696654,0.6543654423466754,0.7441558965017427,0.6934941082524705,0.7819054455387159,0.6722331819661876,0.6558496855580683,0.6582048500861036,1.0989982274904382,0.6067927512070443,0.5689694119706927,0.878331716326303,0.727846527418535,0.7689012120386249,0.5250176793153437,0.6534572085973561
DeepSeek-67B-Chat,2.0,6.0,2.6516847361515086,68.55185185185185,0.6708529111894928,0.6264792933278411,0.6061948236857991,0.7545750465873203,0.5429939691058642,56.8,0.4185156001948359,0.6140633985254649,0.6588682731732678,0.5949536752911052,0.5125703810929043,0.5676410942840967,0.4302676881183619,0.6748620275967221,0.5430977956194046,0.6332389425328964,0.5868265072081884,0.26175166822721113,0.5522868282331674,0.887465382818606,0.31104502372798065,0.5189001037172718,0.7377986417140946,0.5939227663735245,0.572062501756737,0.5229176085980823,0.40133592339050217
Qwen-72B-Chat,3.0,8.0,2.5483719433902827,67.95555555555556,0.6948119437319747,0.4616685759072046,0.678435657596542,0.4332488305764519,0.26797104968860824,54.4,0.3507559315918625,0.7549367664224833,0.6708476963218726,0.5748538889637029,0.5440440009845738,0.5789939161697786,0.5916180711627477,0.5453126205134229,0.5068912759114443,0.6766334893562167,0.5840714531837368,0.5646777561755566,0.5901146931806447,0.7306393083205236,0.6144413993315029,0.3322781365908845,0.6815854118692111,0.5094925691929745,0.5259284290344195,0.5250176793153437,0.41677192044398303
ChatGPT,4.0,4.0,2.540514350443256,70.11851851851854,0.697806822799785,0.5152817008512671,0.6690129401299234,0.5668338866708579,0.29617852860319865,53.6,0.5380914859647891,0.7729974546144087,0.5959763016430922,0.5587740599017812,0.42264575283099126,0.52790621768421,0.5856421310499926,0.7140281274126034,0.6823536406500212,0.6332389425328964,0.5923366152570916,0.4205672871515864,0.5333728957594288,0.8133073165830786,0.6118918499566833,0.3595886683654778,0.7659052566365363,0.561897519167109,0.5382308484270375,0.47461598210107075,0.5454052292229902
XuanYuan-70B,5.0,3.0,2.5125632428472215,71.35185185185185,0.6678580321216826,0.6790995826247914,0.6690129401299234,0.6787565012364414,0.09167430647241863,52.8,0.35474179445086096,0.7910581428063341,0.6948065426190824,0.5467141881053399,0.44962314130956516,0.6357580255981883,0.442219568343872,0.5995426048738737,0.6238661857371622,0.5890407929906256,0.5923366152570916,0.5352674563747463,0.5106761767909426,0.9628391550579944,0.6169909487063223,0.5439347578439822,0.7061786999263477,0.6143024691412435,0.5443820581233465,0.5229176085980823,0.37560926163470076
OrionStar-Yi-34B-Chat,6.0,17.0,2.455073885481237,61.6925925925926,0.6588733949182519,0.6155581012096062,0.6533084110188924,0.7112501635296752,0.09167430647241863,53.2,0.3427842058738656,0.7043668394850922,0.6229300037274532,0.5788738462291834,0.44512690989646947,0.593184943526881,0.24202557456657856,0.4971081899707998,0.470684756203484,0.544842643448355,0.5041748864746408,0.48232891673328787,0.49932781730669934,0.956760625038689,0.555801763710654,0.37779568954854,0.42511255070193066,0.33480940261252606,0.3106360896636045,0.5229176085980823,0.3447372675277391
LLaMA-2-70B-Chat,7.0,18.0,2.442029333741567,60.79259259259258,0.6019706926298575,0.5738590040308909,0.6313220702634489,0.6029379558855622,0.07051869728647586,53.2,0.0,0.6429604996325456,0.6648579847475702,0.538674273574379,0.5305553067452868,0.6215669982410859,0.08067519152219287,0.5844787203293039,0.45675917170042235,0.5665399168600151,0.5262153186702535,0.5676187861556377,0.4312376604012404,0.956760625038689,0.6093423005818638,0.4870378166469129,0.4391658581631515,0.34063217483187436,0.32601411390437696,0.5229176085980823,0.3601732645812199
Yi-34B,8.0,10.0,2.419278924211829,66.39999999999999,0.646893878647011,0.6056297447384835,0.6690129401299234,0.6823669081579117,0.3384897469750841,51.2,0.21523659438591564,0.7152032524002474,0.6379042826632093,0.5065146154505354,0.44962314130956516,0.6158905872982449,0.25098948473571114,0.6115937125095294,0.5848745491285896,0.544842643448355,0.5647860750125757,0.4852699467133689,0.5182417497804379,0.8947596188417725,0.6220900474559613,0.49158957194267855,0.481325780546814,0.49493563864460377,0.5013235902491835,0.5229176085980823,0.4682252439555859
InternLM-20B,9.0,25.0,2.4079833637502555,52.51111111111111,0.5390782322058425,0.6215151150922797,0.5622221421749121,0.5704442935923284,0.05641495782918069,54.0,0.3507559315918625,0.5815541597799992,0.5390740416872191,0.4864148291231332,0.4271419842440869,0.5506118614555737,0.11653083219872301,0.5001209668797137,0.4316931195949114,0.418677016573146,0.4683591841567701,0.4764468567731258,0.4539343793697267,0.7379335443436902,0.5863963562084882,0.25262241891498755,0.23187957311014398,0.18632871101914494,0.1445534278632615,0.48301626497011624,0.24183062050453338
ChatGLM3-6B-Base,10.0,11.0,2.3830785007893462,66.18888888888888,0.6558785158504417,0.6374004854460761,0.5904902945747681,0.6570940597076187,0.16219300375889448,50.4,0.3706852458868547,0.8452402073821105,0.5061306280285557,0.474354957326692,0.36869097587384336,0.6158905872982449,0.42727971806198445,0.6567853661432386,0.6405768871408363,0.49501927487343167,0.5565209129392209,0.617616295817015,0.40475815493800626,0.7306393083205236,0.5965945537077663,0.5097965931257407,0.5199723760651714,0.46582177754786236,0.43058467874163,0.4977167599909459,0.5093879027648682
Baichuan-13B-Chat,11.0,43.0,2.3652786456473605,45.41851851851851,0.5540526275448936,0.541095427676186,0.4805585907975506,0.5596130728279171,0.07051869728647586,54.4,0.1833496915139281,0.5598813339496886,0.4402438007112289,0.36983606842420047,0.3596985130476521,0.5137151903271076,0.041831580789285186,0.488069859244058,0.42055265199246206,0.3519779909002647,0.388462617447674,0.29410299800810236,0.3177540655588087,0.6418927700386629,0.5634504118351126,0.2412430306755737,0.3126860910121639,0.14848069159338112,0.1199485890780255,0.3297111026100359,0.16979596758828938
Yi-6B,12.0,45.0,2.317880652572842,44.88518518518521,0.4492318601715354,0.5202458790868284,0.49940402573078785,0.41880720289057016,0.021155609185942757,53.2,0.282996262988889,0.653796912547701,0.3683672618195997,0.34973628209679825,0.31023996750359994,0.5449354505127328,0.0687233112966828,0.5001209668797137,0.37320566468205246,0.3905509214098828,0.39397272549657725,0.33821844770931775,0.3064057060745655,0.7306393083205236,0.5914954549581272,0.18434608947850442,0.3021461104162482,0.125189602715988,0.110721774533562,0.3423115269136041,0.20581329404641138
DeepSeek-67B-Base,13.0,2.0,2.2899160214919196,71.67777777777778,0.6379092414435803,0.5679019901482173,0.678435657596542,0.6787565012364414,0.5359420993772165,46.4,0.38264283446385,0.7115911147618623,0.6738425521090239,0.602993589822066,0.5035779182667129,0.6300816146553473,0.28983309546861874,0.6417214815986688,0.5737340815261404,0.6163632854349385,0.5950916692815432,0.5617367261954755,0.5144589632856902,0.9215051509267168,0.6348377943300589,0.5416588801960994,0.7588786029059259,0.5968341524831986,0.6274233890235179,0.5229176085980823,0.42706258514630363
WeMix-LLaMA2-70B,14.0,7.0,2.275310804356113,68.42592592592592,0.6498887577148211,0.6790995826247914,0.6815765634187482,0.7581854535087909,0.26797104968860824,46.8,0.0,0.8416280697437255,0.6528785615989654,0.6070135470875464,0.6294723978333912,0.6414344365410293,0.23604963445382357,0.6115937125095294,0.5848745491285896,0.6107380664022859,0.5482557508658662,0.4676237668328828,0.4841966713277085,0.9762119211004665,0.6271891462056004,0.516624226069389,0.6218588551590225,0.5153153414123227,0.461340727223175,0.5250176793153437,0.43735324984862417
Qwen-14B,15.0,23.0,2.2724075507589188,53.74444444444443,0.5750167810195652,0.5470524415588597,0.07538173973294911,0.5704442935923284,0.05641495782918069,50.0,0.44641664020782496,0.7152032524002474,0.592981445855941,0.474354957326692,0.43613444707027815,0.5704792997555173,0.4780752090204021,0.5724276126936483,0.3537098463777661,0.4901976585597294,0.5069299404990923,0.47350582679304487,0.4425860198854835,0.6151472379537186,0.5634504118351126,0.08875922826742806,0.4110592432407098,0.24746781932230189,0.2306703636115875,0.5124172550117755,0.3087199410696171
MPT-7B,16.0,75.0,2.241498012386641,35.63703703703704,0.5061345624599298,0.47258976802543956,0.32979511133165235,0.44769045826233367,0.007051869728647586,53.2,0.15146278864194063,0.5056992693739123,0.3264392807994827,0.3095367094419939,0.19783418217620868,0.3547756839275604,0.0,0.36755878288750043,0.27851169006123316,0.24188441840406322,0.2286694840294819,0.16763870886461837,0.2799262006113315,0.560440467779969,0.5354053687120979,0.1342767812250835,0.28809280295502737,0.12810098882566215,0.1014949599890985,0.3171106783064676,0.08232531761856456
StableBeluga2,17.0,5.0,2.2388434496747966,69.26296296296297,0.6528836367826314,0.6264792933278411,0.6376038819078612,0.693198128922323,0.16219300375889448,45.6,0.4543883659258219,0.7188153900386324,0.6828271194704776,0.6311332906804291,0.6114874721810085,0.6414344365410293,0.2539774547920886,0.6477470354164967,0.5514531463212416,0.6107380664022859,0.5868265072081884,0.5205623064743412,0.5295901092646811,1.038212927297383,0.62973869558042,0.5280036143088028,0.562132298448834,0.46582177754786236,0.418282259349012,0.5250176793153437,0.4682252439555859
InternLM-7B,18.0,70.0,2.238160156607635,36.955555555555556,0.46420625551058653,0.429897835199612,0.486840402441963,0.3971447613617476,0.007051869728647586,52.8,0.17537796579593126,0.5273720952042228,0.35339298288384363,0.2934568803800721,0.25178895913335647,0.340584656570458,0.050795490958417726,0.40672488270338164,0.3927014829863387,0.28045734891368124,0.28652561854296527,0.14705149900405118,0.14752867329516117,0.724560778301218,0.4742161837164296,0.14793204711238012,0.281066149224417,0.14265791937403285,0.098419355140944,0.28140947611302425,0.04116265880928228
Qwen-7B,19.0,44.0,2.233515731129165,45.237037037037034,0.5660321438161345,0.6155581012096062,0.5056858373752003,0.3971447613617476,0.007051869728647586,50.8,0.1833496915139281,0.7224275276770176,0.4043055312654143,0.36581611115872004,0.31023996750359994,0.5364208340984713,0.18525414349540584,0.4187759903390374,0.18381771544041386,0.42349863288684825,0.4160131576921899,0.3117491778885885,0.40854094143275405,0.6893053041892461,0.5226576218380004,0.20255311066156662,0.3091727641468587,0.15139207770305527,0.1076461696854075,0.3444115976308655,0.21610395874873195
Nanbeige-16B-Base-32K,20.0,24.0,2.232079939638518,52.918518518518525,0.5780116600873756,0.5679019901482173,0.5747857654637369,0.5523922589849762,0.03525934864323793,49.2,0.2471234972579031,0.7043668394850922,0.5330843301129167,0.41405559834448535,0.42264575283099126,0.5506118614555737,0.10159098191683545,0.5212104052421114,0.3871312491851141,0.418677016573146,0.4793794002545764,0.3970390473109382,0.4804138848329607,0.7379335443436902,0.5532522143358345,0.34820928012606395,0.33376605220399513,0.1892400971288191,0.166082661800343,0.5250176793153437,0.24697595285569365
Dolphin-2.2.1-Mistral-7B,21.0,19.0,2.22968784566483,59.77407407407408,0.6019706926298575,0.5947085526202486,0.5747857654637369,0.6607044666290892,0.08462243674377103,47.6,0.3666993830278562,0.740488215868943,0.6109505805788483,0.5627940171672616,0.44962314130956516,0.5761557106983581,0.28385715535586376,0.5151848514242835,0.5013210421102197,0.5617183005463129,0.5399905887925115,0.491152006673531,0.5409384687489244,0.7646790764286344,0.62973869558042,0.436968508393492,0.38997928204887855,0.20088564156751565,0.19376310543373348,0.48091619425285487,0.24697595285569365
Baichuan2-13B-Base,22.0,31.0,2.220741120275327,48.97777777777779,0.5480628694092732,0.5470524415588597,0.5276721781306438,0.4910153413199788,0.0493630881005331,49.6,0.282996262988889,0.6068391232486948,0.47019235858274105,0.4421952992028484,0.5035779182667129,0.5250680122127894,0.12848271242423306,0.5001209668797137,0.4233377688930744,0.4564463443638136,0.43254348183889946,0.26469269820729213,0.3366679980325473,0.6285200039961908,0.5889459055833077,0.17751845653485612,0.3513326865305212,0.1688603943611001,0.116872984229871,0.4263143556040591,0.36531859693238017
Vicuna-7B-v1.5,23.0,49.0,2.2199636141588432,43.351851851851855,0.5091294415277401,0.562937811912656,0.42402228599783875,0.4621320859482154,0.03525934864323793,50.8,0.33481248015586873,0.5093114070122974,0.46719750279558986,0.4180755556099658,0.4271419842440869,0.4739803137272207,0.014939850281887566,0.4519165363370907,0.3230735604710305,0.33590593652125716,0.388462617447674,0.32057226782883164,0.40854094143275405,0.6759325381467739,0.560900862460293,0.1160697600420213,0.2634995148978909,0.10772128605794318,0.1260997987743345,0.33391124404455863,0.08747064996972484
LLaMA-2-Chinese-7B,24.0,63.0,2.218178244743177,39.63333333333334,0.4672011345783968,0.5043605087330322,0.42088138017563254,0.4910153413199788,0.0493630881005331,51.6,0.12754761148795,0.5634934715880737,0.4192798102011704,0.34973628209679825,0.29675127326431294,0.45695108089869785,0.014939850281887566,0.4790315285173162,0.36485031398021545,0.29733300601163914,0.2975458346407716,0.29116196802802136,0.30451431282719166,0.6285200039961908,0.5736486093343907,0.050069308253420965,0.2775528223591118,0.11063267216761731,0.11379737938171651,0.2583086982231491,0.08232531761856456
WeMix-LLaMa2-7B,25.0,54.0,2.2139410523595697,42.437037037037044,0.533088474070222,0.5252100573223898,0.4962631199085817,0.5523922589849762,0.007051869728647586,50.8,0.0,0.5490449210345333,0.48516663751849715,0.4180755556099658,0.37768343870003473,0.43140723165591344,0.01792782033826508,0.47601875160840224,0.3537098463777661,0.32465549845595193,0.38019745537431926,0.3117491778885885,0.3177540655588087,0.7646790764286344,0.540504467461737,0.09558686121107637,0.3161994178774691,0.125189602715988,0.1014949599890985,0.25410855678862637,0.22124929109989222
Baichuan-13B-Base,26.0,52.0,2.211781899139161,42.62222222222222,0.5600423856805141,0.4993963304974708,0.486840402441963,0.46935289979115624,0.028207478914590346,50.8,0.21125073152691717,0.621287673802235,0.4192798102011704,0.4301354274064071,0.33721735598217384,0.5023623684414256,0.01792782033826508,0.5242231821510253,0.35928008017899077,0.36322842896557,0.3526469151298034,0.18822591872518554,0.2383155491691065,0.5944802358880799,0.545603566211376,0.18434608947850442,0.281066149224417,0.12810098882566215,0.11379737938171651,0.28140947611302425,0.18008663229060995
DeepSeek-7B-Base,27.0,51.0,2.209128391401751,42.796296296296305,0.5480628694092732,0.5093246869685935,0.5056858373752003,0.375482319832925,0.05641495782918069,50.8,0.33082661729687035,0.657409050186086,0.3833415407553558,0.2894369231145917,0.21581910782859126,0.5562882723984148,0.011951880225510053,0.4428782056103489,0.34535449567592913,0.32465549845595193,0.3195862668363843,0.33527741772923675,0.2761434141165837,0.6345985340154964,0.5863963562084882,0.1570355577039112,0.2740394954938065,0.13392376104501041,0.1014949599890985,0.3927132241278771,0.08232531761856456
Vicuna-13B-v1.5,28.0,27.0,2.2085550563859764,51.51481481481481,0.5690270228839448,0.6056297447384835,0.5747857654637369,0.5957171420426214,0.04231121837188551,48.8,0.37865697160485157,0.6176755361638501,0.551053464835824,0.40601568381352443,0.4631118355488521,0.47965672467006165,0.03884361073290767,0.5091592976064555,0.4511889378991977,0.4901976585597294,0.42978842781444787,0.34410050766947975,0.40097536844325854,0.7306393083205236,0.5991441030825858,0.2822088283374636,0.2775528223591118,0.14848069159338112,0.1260997987743345,0.4977167599909459,0.22124929109989222
OpenLLaMA-7Bv2,29.0,80.0,2.2041539953500284,34.62962962962964,0.5600423856805141,0.5520166197944211,0.3423587346204772,0.33215743677527976,0.014103739457295173,52.4,0.007971725717996874,0.5851662974183842,0.3084701460765754,0.2693371367871895,0.1663605622845391,0.27530593072778686,0.0029879700563775133,0.4127504365212095,0.3342140280734798,0.2145619259597504,0.19009872768715963,0.22645930846623885,0.18157375174789067,0.6212257679730242,0.4206756468452198,0.18207021183062166,0.3126860910121639,0.1397465332643587,0.116872984229871,0.2709091225267174,0.07203465291624397
Nanbeige-16B-Base,30.0,28.0,2.200032891445405,50.796296296296305,0.5660321438161345,0.5043605087330322,0.5779266712859431,0.3177158090893981,0.021155609185942757,48.8,0.24313763439890468,0.6176755361638501,0.46719750279558986,0.4220955128754462,0.46760806696194773,0.5846703271126197,0.06274737118392779,0.5513381743312508,0.39827171678756346,0.42349863288684825,0.48488950830347965,0.30292608794834547,0.36314750349578134,0.724560778301218,0.5761981587092102,0.37779568954854,0.3724126477223525,0.20961979989653806,0.1445534278632615,0.47461598210107075,0.3447372675277391
MOSS-Moon,31.0,81.0,2.171716003915789,34.111111111111114,0.5270987159346016,0.5043605087330322,0.3894723219535704,0.3935343544402772,0.0,51.6,0.21523659438591564,0.5020871317355272,0.3474032713095412,0.2974768376455526,0.22031533924168692,0.27530593072778686,0.005975940112755027,0.4127504365212095,0.32028844357041814,0.27001051356732636,0.2507099162250946,0.16175664890445632,0.11348359484243167,0.5665189977992745,0.2931981781042441,0.1570355577039112,0.2740394954938065,0.12227821660631387,0.09226814544463499,0.28770968826480836,0.03601732645812199
TigerBot-70B-Chat-V1,32.0,16.0,2.1585055611551165,63.177777777777756,0.6049655716976676,0.6264792933278411,0.5716448596415308,0.5560026659064466,0.2609191799599607,44.8,0.31488316586087656,0.8271795191901851,0.5989711574302434,0.530634359043418,0.44512690989646947,0.5818321216411991,0.1553744429316307,0.6507598123254107,0.5932298998304266,0.544842643448355,0.48488950830347965,0.5117392165340982,0.49932781730669934,0.8473470846911896,0.5838468068336686,0.45745140722443695,0.5937522402365808,0.4046826692447054,0.3352409284488405,0.5229176085980823,0.37560926163470076
LLaMA-2-70B,33.0,12.0,2.1552790661633727,64.91111111111111,0.6079604507654779,0.6314434715634024,0.694140186707573,0.6065483628070327,0.24681544050266552,44.4,0.0,0.7657731793376386,0.6438939942375117,0.5426942308398595,0.476600529788139,0.6783311076694956,0.1583624129880082,0.6206320432362713,0.5765191984267526,0.5617183005463129,0.5317254267191567,0.4676237668328828,0.4804138848329607,0.9081323848842447,0.6271891462056004,0.43014087544984364,0.6499654700814642,0.5269608858510193,0.442887098134248,0.5250176793153437,0.39104525868818163
TigerBot-70B-Chat-V2,34.0,13.0,2.153743608410299,63.87777777777778,0.6169450879689087,0.6790995826247914,0.5873493887525618,0.7076397566082049,0.2538673102313131,44.4,0.3666993830278562,0.8235673815518001,0.6319145710889069,0.5507341453708202,0.46760806696194773,0.5960231489983016,0.1553744429316307,0.6387087046897548,0.5375275618181801,0.5560930815136603,0.5234602646458019,0.48821097669345,0.5106761767909426,0.8740926167761339,0.4614684368423321,0.40510622132313323,0.664018777542685,0.4046826692447054,0.34139213814514946,0.5229176085980823,0.38589992633702136
Vicuna-13B-v1.5-16k,35.0,37.0,2.151877103984699,48.11851851851852,0.5360833531380321,0.562937811912656,0.5779266712859431,0.6029379558855622,0.007051869728647586,48.0,0.32684075443787186,0.4045594154991298,0.4971460606671021,0.4220955128754462,0.5080741496798086,0.5250680122127894,0.020915790394642593,0.4971081899707998,0.4094121843900127,0.36322842896557,0.41325810366773835,0.25881063824713013,0.42745487390649267,0.7306393083205236,0.6093423005818638,0.22303600949251157,0.3056594372815534,0.15139207770305527,0.116872984229871,0.45361527492845705,0.14921463818364825
TigerBot-13B-Base-V2,36.0,35.0,2.151428325803442,48.2111111111111,0.5390782322058425,0.5202458790868284,0.5716448596415308,0.35743028522557285,0.014103739457295173,48.0,0.2471234972579031,0.6176755361638501,0.48816149330564845,0.40601568381352443,0.476600529788139,0.5733175052269376,0.023903760451020106,0.533261512877767,0.4094121843900127,0.4347490709521535,0.3636671312276097,0.2970440279881834,0.3328852115377996,0.724560778301218,0.5914954549581272,0.24807066361922203,0.3056594372815534,0.16012623603207768,0.159931452104034,0.45571534564571836,0.23668528815337306
TigerBot-70B-Base-V1,37.0,14.0,2.145738140144155,63.75185185185186,0.5989758135620472,0.6215151150922797,0.6093357295080053,0.6246003974143849,0.23271170104537034,44.4,0.3108973030018781,0.7729974546144087,0.6109505805788483,0.4783749145921724,0.39566836435241737,0.6499490529552907,0.1822661734390283,0.6176192663273573,0.5653787308243033,0.5560930815136603,0.509684994523544,0.4617417068727207,0.5031106038014471,0.8400528486680229,0.6195404980811419,0.5052448378299751,0.646452143216159,0.4105054414640537,0.3106360896636045,0.5250176793153437,0.37560926163470076
TigerBot-13B-Base-V1,38.0,41.0,2.1401176515356175,46.34444444444444,0.5630372647483244,0.5897443743846872,0.5370948955972624,0.3718719129114546,0.007051869728647586,48.0,0.29096798870688595,0.6465726372709306,0.48516663751849715,0.4703350000612115,0.5260590753321912,0.4257308207130725,0.011951880225510053,0.46999319779057436,0.4233377688930744,0.4459995090174587,0.3691772392765129,0.252928578286968,0.3101884925693132,0.6759325381467739,0.5761981587092102,0.1615873129996767,0.2599861880325857,0.1543034638127294,0.14147782301510697,0.41581400201775226,0.20066796169525108
InternLM-20B-Chat,39.0,77.0,2.133367610934098,35.333333333333336,0.470196013646207,0.43585484908228567,0.34549964044268344,0.41880720289057016,0.007051869728647586,50.4,0.1713921029369328,0.19866757011117983,0.3713621176067509,0.237177478663346,0.17984925652382605,0.4257308207130725,0.02689173050739762,0.4248015441568653,0.4121973012906251,0.3029582250442918,0.27550540244515886,0.05882059960162048,0.20805325721112472,0.7440120743629958,0.4844143812157076,0.15248380240814566,0.2634995148978909,0.1310123749353363,0.129175403622489,0.32551096117551315,0.0
Alpaca-7B,40.0,84.0,2.132949343550603,32.818518518518516,0.42227794856124323,0.5470524415588597,0.35806326373150826,0.4332488305764519,0.007051869728647586,50.8,0.051816217166979685,0.49847499409714213,0.3593826944581461,0.24521739319430683,0.21581910782859126,0.2894969580848893,0.00896391016913254,0.37659711361424225,0.2367349365520482,0.24750963743671583,0.17907851158935328,0.15587458894429426,0.20048768422162927,0.5811074698456077,0.42832429496967833,0.07510396238013144,0.28809280295502737,0.10480989994826903,0.1076461696854075,0.3045102540028994,0.0668893205650837
LLaMA-2-Chinese-13B,41.0,36.0,2.1274939626267546,48.20370370370371,0.5570475066127039,0.5947085526202486,0.5433767072416749,0.38270313367586584,0.05641495782918069,47.2,0.29096798870688595,0.6176755361638501,0.5480586090486728,0.4622950855302506,0.43613444707027815,0.46262749184153884,0.011951880225510053,0.5151848514242835,0.4428335871973607,0.3961761404425354,0.4270333737899963,0.2558696082670491,0.3177540655588087,0.8400528486680229,0.5991441030825858,0.12289739298566964,0.3056594372815534,0.10480989994826903,0.14147782301510697,0.4956166892736845,0.31386527342077736
Baichuan2-7B-Chat,42.0,73.0,2.125473363891677,35.840740740740735,0.29349814864540313,0.5252100573223898,0.38633141613136424,0.32854702985380935,0.007051869728647586,50.0,0.051816217166979685,0.5093114070122974,0.3623775502452973,0.35777619662775917,0.35520228163455647,0.36896671128466285,0.03585564067653016,0.3344182368894471,0.15318142953367825,0.3688536479982226,0.29479078061631997,0.26469269820729213,0.3026229195798178,0.5458519957336357,0.4410720418437759,0.12517327063355238,0.21782626564892316,0.11063267216761731,0.0953437502927895,0.45361527492845705,0.09776131467204541
Skywork-13B-base,43.0,34.0,2.1220016300346023,48.3074074074074,0.5420731112736528,0.5569807980299823,0.5842084829303557,0.47657371363409706,0.021155609185942757,47.2,0.16342037721893593,0.7838338675295641,0.4911563490927996,0.37385602568968096,0.27876634761193037,0.44559825901301586,0.1583624129880082,0.4971081899707998,0.3787758984832771,0.4516247280501114,0.4215232657410931,0.4440955269922346,0.4388032333907358,0.6759325381467739,0.5812972574588492,0.12972502592931795,0.33025272533868993,0.17468316658044838,0.153780242407725,0.42211421416953643,0.11834264407668653
WeMix-LLaMa2-13B,44.0,32.0,2.1149933853874074,48.59259259259258,0.5660321438161345,0.562937811912656,0.5559403305304996,0.6065483628070327,0.12693365511565655,46.8,0.0,0.5093114070122974,0.5031357722414045,0.49043478638861365,0.5035779182667129,0.46262749184153884,0.014939850281887566,0.5121720745153695,0.36763543088082773,0.4347490709521535,0.49315467037683436,0.3146902078686695,0.3253196385483041,0.8607198507336616,0.550702664961015,0.22758776478827708,0.3126860910121639,0.1775945526901225,0.153780242407725,0.4452149920594115,0.22639462345105255
LLaMA-2-7B,45.0,65.0,2.114921368082548,38.2,0.5091294415277401,0.5202458790868284,0.47113587333093193,0.4260280167335111,0.021155609185942757,49.2,0.0,0.46596575535167634,0.413290098626868,0.3296364957693961,0.26977388478573905,0.5193916012699485,0.00896391016913254,0.40371210579446776,0.34535449567592913,0.25313485646936845,0.31407615878748113,0.24116445836664394,0.18157375174789067,0.5871859998649133,0.5634504118351126,0.06827632943648312,0.3056594372815534,0.1310123749353363,0.135326613318798,0.2793094053957629,0.1389239734813277
Aquila2-34B,46.0,53.0,2.107251721568742,42.53333333333334,0.5510577484770833,0.5093246869685935,0.3894723219535704,0.29605336756057543,0.007051869728647586,48.0,0.27901040012989065,0.46596575535167634,0.44922836807268257,0.36983606842420047,0.33721735598217384,0.3093643963848327,0.1374466225933656,0.5513381743312508,0.4734698731040964,0.3688536479982226,0.4793794002545764,0.2205772485060768,0.2912745600955746,0.758600546409329,0.4359729430941369,0.15931143535179396,0.34079270593460553,0.15139207770305527,0.14147782301510697,0.3297111026100359,0.09261598232088512
Chinese-Alpaca-2-7B,47.0,64.0,2.104921707957077,38.800000000000004,0.482175529917448,0.541095427676186,0.46485406168651955,0.3790927267543954,0.028207478914590346,48.8,0.11160416005195624,0.46235361771329125,0.38034668496820456,0.34973628209679825,0.283262579025026,0.4427600535415954,0.0029879700563775133,0.4097376596122956,0.3927014829863387,0.3134050603906467,0.33336153695864224,0.2235182784861578,0.2572294816428451,0.6285200039961908,0.5124594243387224,0.1320009035772007,0.2670128417631961,0.125189602715988,0.116872984229871,0.32551096117551315,0.0668893205650837
Baichuan-7B,48.0,85.0,2.1007412709443947,32.78888888888889,0.43725234390029444,0.5470524415588597,0.3266542055094462,0.38992394751880677,0.0,50.0,0.0,0.45151720479813595,0.3503981270966924,0.2773770513181504,0.1663605622845391,0.2866587526134688,0.0,0.4458909825192629,0.2729414562600085,0.24188441840406322,0.16530324146709532,0.20881312858575268,0.17022539226364752,0.5458519957336357,0.4257747455948588,0.1411044141687318,0.3161994178774691,0.125189602715988,0.12302419392618,0.2583086982231491,0.04630799116044256
InternLM-Chat-7B-8K,49.0,72.0,2.0986901041221193,35.98888888888889,0.4162881904256228,0.3981270944920195,0.2763997123541468,0.3141054021679276,0.007051869728647586,49.2,0.1713921029369328,0.43345651660621054,0.3713621176067509,0.24521739319430683,0.15287186804525213,0.40586338241312914,0.023903760451020106,0.3976865519766398,0.35928008017899077,0.27001051356732636,0.24244475415173983,0.16469767888453732,0.7537202090784837,0.6893053041892461,0.4359729430941369,0.08420747297166252,0.2634995148978909,0.13683514715468456,0.110721774533562,0.34021145619634274,0.0
LLaMA-2-13B,50.0,42.0,2.0844995037772076,45.614814814814814,0.5540526275448936,0.541095427676186,0.5747857654637369,0.36104069214704326,0.0493630881005331,46.8,0.0,0.4768021682668316,0.47618207015704356,0.4582751282647702,0.47210429837504336,0.4824949301414822,0.014939850281887566,0.5603765050579925,0.36763543088082773,0.36322842896557,0.4242783197655447,0.27939784810769724,0.20427047071637702,0.655265536081135,0.6220900474559613,0.1411044141687318,0.3126860910121639,0.1688603943611001,0.1753094763448065,0.50401697214273,0.24183062050453338
Vicuna-7B-v1.3,51.0,68.0,2.080784780782391,37.51111111111112,0.4851704089852582,0.5361312494406247,0.4617131558643133,0.4910153413199788,0.007051869728647586,48.4,0.0956607086159625,0.4695778929900614,0.3264392807994827,0.2974768376455526,0.2877588104381217,0.40586338241312914,0.011951880225510053,0.3344182368894471,0.29522239146490714,0.26438529453467374,0.23417959207838504,0.3323363877491557,0.17400817875839522,0.6212257679730242,0.555801763710654,0.1160697600420213,0.281066149224417,0.1543034638127294,0.08611693574832599,0.3276110318927745,0.1286333087790071
Baichuan2-13B-Chat,52.0,30.0,2.0645093011199966,49.9,0.5600423856805141,0.5569807980299823,0.5056858373752003,0.46574249286968583,0.05641495782918069,45.2,0.282996262988889,0.5309842328426079,0.482171781731346,0.3617961538932396,0.40915705859170426,0.47681851919864127,0.18525414349540584,0.536274289786681,0.4511889378991977,0.46207156339646627,0.4656041301323185,0.370569777490209,0.4463688063802313,0.7987188445367454,0.5838468068336686,0.23896715302769095,0.35835934026113164,0.19506286934816736,0.129175403622489,0.3948132948451385,0.23668528815337306
LLaMA-2-13B-Chinese-Chat,53.0,38.0,2.0572629081757903,47.25925925925925,0.5570475066127039,0.5569807980299823,0.5653630479971183,0.4043655752046884,0.07757056701512345,45.6,0.2750245372708922,0.4912507188203719,0.47618207015704356,0.41405559834448535,0.476600529788139,0.47965672467006165,0.02689173050739762,0.5483253974223368,0.35928008017899077,0.3961761404425354,0.43254348183889946,0.26469269820729213,0.34801635751679044,0.7513063103861622,0.6067927512070443,0.1570355577039112,0.2951194566856378,0.145569305483707,0.1384022181669525,0.5166173964462982,0.18523196464177025
Mistral-7B-v0.1,54.0,22.0,2.056323044346568,56.662962962962965,0.6139502089010983,0.47755394626100095,0.6030539178635929,0.483794527477038,0.07757056701512345,43.6,0.27901040012989065,0.6393483619941606,0.592981445855941,0.5507341453708202,0.47210429837504336,0.5534500669269943,0.227085724284691,0.5543509512401645,0.470684756203484,0.4516247280501114,0.4793794002545764,0.4852699467133689,0.4463688063802313,0.7780518424711066,0.6195404980811419,0.4187614872104298,0.397005935779489,0.21835395822556047,0.166082661800343,0.5250176793153437,0.33959193517657876
LLaMA-13B,55.0,67.0,2.0549451291930687,37.937037037037044,0.5151191996633605,0.5361312494406247,0.442867720931076,0.44769045826233367,0.014103739457295173,47.6,0.0,0.4840264435436018,0.36537240603244847,0.2974768376455526,0.17984925652382605,0.4370836425987545,0.005975940112755027,0.43986542870143497,0.32585867737164276,0.3471563745865625,0.31132110476302954,0.21469518854591474,0.10591802185293622,0.7379335443436902,0.48696393059052717,0.09558686121107637,0.3161994178774691,0.11936683049663972,0.110721774533562,0.3507118097826496,0.19552262934409081
Baichuan2-7B-Base,56.0,56.0,2.0406799320795024,41.82592592592593,0.5510577484770833,0.49343931661479723,0.5025449315529941,0.3104949952464572,0.08462243674377103,46.4,0.09964657147496093,0.5960027103335395,0.3593826944581461,0.3457163248313178,0.27876634761193037,0.5477736559841533,0.029879700563775133,0.4639676439727465,0.4233377688930744,0.3302807174886046,0.3967277795210288,0.20293106862559065,0.3328852115377996,0.6285200039961908,0.5812972574588492,0.09786273885895914,0.298632783550943,0.125189602715988,0.11379737938171651,0.3801127998243089,0.12348797642784683
Yulan-Chat-2-13B,57.0,33.0,2.0372242564775456,48.57407407407408,0.5690270228839448,0.5470524415588597,0.5339539897750561,0.4946257482414492,0.03525934864323793,44.8,0.23118004582190937,0.5093114070122974,0.5091254838157069,0.4783749145921724,0.44512690989646947,0.45127466995585686,0.03884361073290767,0.4850570823351441,0.4038419505887881,0.418677016573146,0.4270333737899963,0.2970440279881834,0.40097536844325854,0.8060130805599119,0.5481531155861955,0.29813997187264296,0.25647286116728046,0.14848069159338112,0.153780242407725,0.5124172550117755,0.20581329404641138
OpenLLaMA-3Bv2,58.0,91.0,2.0362727691877547,30.15925925925926,0.43725234390029444,0.5093246869685935,0.2763997123541468,0.2563388914244007,0.007051869728647586,48.8,0.0,0.577942022141614,0.23659360718494618,0.23315752139786552,0.193337950763113,0.2213800267707977,0.0029879700563775133,0.3494821214340168,0.20052841684408787,0.17036377641747974,0.13775270122257943,0.16175664890445632,0.13239752731617027,0.6345985340154964,0.4844143812157076,0.1615873129996767,0.2951194566856378,0.11063267216761731,0.098419355140944,0.27510926396124014,0.015435997053480853
TigerBot-7B-Base-V3,59.0,62.0,2.027976240015273,39.72592592592593,0.5450679903414629,0.5311670712050633,0.42088138017563254,0.4513008651838041,0.014103739457295173,46.4,0.13551933720594686,0.5923905726951544,0.46420264700843866,0.34169636756583743,0.29675127326431294,0.4995241629700051,0.00896391016913254,0.37659711361424225,0.36763543088082773,0.3029582250442918,0.3030559426896748,0.26763372818737313,0.31397127906406097,0.6491870060618296,0.47166663434161005,0.0546210635491865,0.3056594372815534,0.11645544438696559,0.1014949599890985,0.3045102540028994,0.11834264407668653
DeepSeek-7B-Chat,60.0,57.0,2.024775532600263,41.644444444444446,0.5061345624599298,0.1856602660099941,0.42402228599783875,0.5018465620843902,0.03525934864323793,46.0,0.2590810858348984,0.5707177468648439,0.44922836807268257,0.35777619662775917,0.29675127326431294,0.5335826286270509,0.059759401127550266,0.43986542870143497,0.39827171678756346,0.4291238519195008,0.3361165909830938,0.2999850579682644,0.37827864947477224,0.6893053041892461,0.20141440061074162,0.1706908235912078,0.3126860910121639,0.1543034638127294,0.1076461696854075,0.4788161235355935,0.09261598232088512
LLaMA-2-7B-Chat,61.0,74.0,2.0223307783588775,35.64814814814815,0.4911601671208786,0.207502650246464,0.44914953257548845,0.4910153413199788,0.04231121837188551,47.2,0.0,0.46596575535167634,0.4282643775626241,0.337676410300357,0.3237286617428869,0.40018697147028814,0.020915790394642593,0.11147274562981573,0.34813961257654147,0.3302807174886046,0.29479078061631997,0.3088081479085075,0.2799262006113315,0.6625597721043017,0.555801763710654,0.07737984002801421,0.24593288057136486,0.10480989994826903,0.1260997987743345,0.23730799105053538,0.06174398821392341
ChatGLM3-6B,62.0,46.0,2.0214142317383836,44.562962962962956,0.5031396833921197,0.541095427676186,0.44600862675328223,0.5379506312990945,0.05641495782918069,45.2,0.2590810858348984,0.6393483619941606,0.3833415407553558,0.3215965812384352,0.30124750467740863,0.4824949301414822,0.16732632315714074,0.4790315285173162,0.40105683368817574,0.418677016573146,0.39948283354548036,0.4235083171316674,0.3215368520535564,0.6491870060618296,0.545603566211376,0.1342767812250835,0.2634995148978909,0.1397465332643587,0.11379737938171651,0.3108104661546835,0.1389239734813277
Ziya-LLaMA-13B,63.0,58.0,2.0013777529166585,40.918518518518525,0.5420731112736528,0.5788231822664522,0.4774176849753443,0.4296384236549815,0.007051869728647586,45.6,0.03587276573098594,0.5201478199274526,0.4342540891369265,0.301496794911033,0.09891709108810434,0.3746431222275038,0.00896391016913254,0.4338398748836071,0.37320566468205246,0.3471563745865625,0.33887164500754546,0.26763372818737313,0.2912745600955746,0.7646790764286344,0.5965945537077663,0.09558686121107637,0.28457947608972217,0.11645544438696559,0.116872984229871,0.4725159113838094,0.1286333087790071
oppo-experiemental-7B,64.0,66.0,1.9964248536029434,38.007407407407406,0.5270987159346016,0.4993963304974708,0.45857225004210705,0.3935343544402772,0.05641495782918069,46.0,0.0956607086159625,0.5020871317355272,0.3833415407553558,0.36581611115872004,0.283262579025026,0.35193747845614,0.06274737118392779,0.45492931324600466,0.3314289111728675,0.34153115555390984,0.2286694840294819,0.17940282878494243,0.1550942462846566,0.6005587659073853,0.540504467461737,0.2344153977319254,0.25647286116728046,0.1397465332643587,0.0830413309001715,0.2646089103749332,0.11319731172552627
Vicuna-33B-v1.3,65.0,26.0,1.993677738350648,52.02222222222222,0.5690270228839448,0.6056297447384835,0.5967721062191804,0.5271194105346831,0.028207478914590346,42.8,0.3228548915788734,0.5960027103335395,0.5540483206229752,0.5105345727160159,0.40915705859170426,0.5477736559841533,0.0687233112966828,0.5061465206975416,0.4233377688930744,0.4564463443638136,0.4270333737899963,0.44997758695239665,0.4463688063802313,0.7926403145174399,0.5991441030825858,0.19344960007003553,0.3056594372815534,0.1834173249094708,0.1445534278632615,0.4977167599909459,0.2675572822603348
LLaMA-65B,66.0,20.0,1.9932157375100827,58.385185185185165,0.610955329833288,0.5470524415588597,0.662731128485511,0.693198128922323,0.11988178538700896,41.6,0.0,0.6790818760163966,0.592981445855941,0.4783749145921724,0.44063067848337384,0.6471108474838703,0.14043459264974312,0.5483253974223368,0.487395457607158,0.5287705890693475,0.4600940220834153,0.5205623064743412,0.38584422246426764,0.7719733124518011,0.62973869558042,0.4824860613511474,0.4426791850284567,0.30278415540611053,0.2429727830042055,0.5229176085980823,0.2778479469626554
LLaMA-30B,67.0,29.0,1.986464147654022,49.977777777777774,0.5869962972908063,0.5569807980299823,0.6030539178635929,0.5415610382205649,0.0493630881005331,43.2,0.0,0.6610211878244711,0.5001409164542533,0.42611547014092666,0.3507060502214608,0.598861354469722,0.023903760451020106,0.488069859244058,0.4985359252096073,0.4564463443638136,0.3967277795210288,0.4617417068727207,0.40854094143275405,0.7306393083205236,0.5991441030825858,0.19344960007003553,0.2599861880325857,0.16012623603207768,0.1445534278632615,0.5166173964462982,0.22124929109989222
Phi-1.5-1.3B,68.0,94.0,1.9742291658625524,29.56666666666667,0.4911601671208786,0.5520166197944211,0.14762257364369202,0.28161173987469373,0.0,47.2,0.0,0.46596575535167634,0.3114650018637266,0.2532573077252677,0.18884171935001737,0.19867438299943385,0.014939850281887566,0.37659711361424225,0.25066052105510983,0.24188441840406322,0.15979313341819215,0.1588156189243753,0.16265981927415205,0.5811074698456077,0.30849547435316116,0.1342767812250835,0.3021461104162482,0.11936683049663972,0.1199485890780255,0.252008486071365,0.030871994106961707
LLaMA-7B,69.0,83.0,1.972448821262709,33.474074074074075,0.49415504618868894,0.4140124648458158,0.3517814520870958,0.40797598212615893,0.028207478914590346,46.4,0.0,0.5237599575658377,0.3234444250123315,0.23315752139786552,0.15287186804525213,0.2894969580848893,0.0,0.33743101379836105,0.32585867737164276,0.22018714499240305,0.23831217311506245,0.16469767888453732,0.15887703277940435,0.560440467779969,0.5201080724631808,0.13655265887296625,0.3197127447427743,0.13392376104501041,0.1076461696854075,0.30031011256837664,0.11319731172552627
Vicuna-7B-v1.5-16k,70.0,50.0,1.9663351193489538,42.82962962962962,0.5510577484770833,0.5361312494406247,0.42088138017563254,0.46574249286968583,0.021155609185942757,44.0,0.30292557728388125,0.5237599575658377,0.45222322385983377,0.3818959402206418,0.4541193727226608,0.49100954655574364,0.011951880225510053,0.4519165363370907,0.34813961257654147,0.32465549845595193,0.33336153695864224,0.364687717530047,0.41610651442224944,0.6759325381467739,0.5736486093343907,0.08875922826742806,0.25647286116728046,0.11936683049663972,0.129175403622489,0.2982100418511152,0.09776131467204541
LingoWhale-8B,71.0,40.0,1.933836823418821,46.55185185185186,0.5420731112736528,0.47755394626100095,0.5433767072416749,0.38992394751880677,0.0493630881005331,42.4,0.12356174862895156,0.5707177468648439,0.4013106754782631,0.4462152564683288,0.40915705859170426,0.5562882723984148,0.08366316157857037,0.43685265179252103,0.3704205477814401,0.32465549845595193,0.41050304964328677,0.5029161265938551,0.3896270089590154,0.8947596188417725,0.5150089737135418,0.4415202636892575,0.2740394954938065,0.125189602715988,0.116872984229871,0.268809051809456,0.14921463818364825
Vicuna-13B-v1.3,72.0,47.0,1.925928829832546,43.5,0.482175529917448,0.6215151150922797,0.5370948955972624,0.5307298174561536,0.05641495782918069,42.8,0.16342037721893593,0.5345963704809931,0.37435697339390217,0.337676410300357,0.3147361989166956,0.4115397933559701,0.014939850281887566,0.45492931324600466,0.36485031398021545,0.3688536479982226,0.38570756342322243,0.2205772485060768,0.39719258194851087,0.7780518424711066,0.555801763710654,0.15248380240814566,0.3161994178774691,0.1397465332643587,0.09226814544463499,0.4347146384731046,0.1595053028859688
WizardLM-7B,73.0,79.0,1.8948197087559384,34.68888888888888,0.47319089271401726,0.49343931661479723,0.3517814520870958,0.5415610382205649,0.0,44.0,0.01594345143599375,0.4731900306284465,0.33841870394808754,0.2693371367871895,0.17085679369763473,0.33774645109903756,0.0029879700563775133,0.37057155979641443,0.3564949632783785,0.2145619259597504,0.19285378171161122,0.2117541585658337,0.1664426057688998,0.6151472379537186,0.565999961209932,0.10696624945049023,0.2916061298203326,0.14848069159338112,0.1076461696854075,0.28140947611302425,0.06174398821392341
Xwin-LM-7B-V0.1,74.0,69.0,1.877349819292627,37.08148148148149,0.46420625551058653,0.4884751383792359,0.45857225004210705,0.44769045826233367,0.021155609185942757,42.8,0.25110936011690155,0.5562691963113036,0.3683672618195997,0.3617961538932396,0.24279649630716518,0.27530593072778686,0.020915790394642593,0.4579420901549186,0.17546236473857688,0.26438529453467374,0.28101551049406204,0.24704651832680602,0.3177540655588087,0.7038937762355792,0.4410720418437759,0.08875922826742806,0.3197127447427743,0.14265791937403285,0.1199485890780255,0.2898097589820698,0.08232531761856456
MOSS-Moon-SFT,75.0,88.0,1.8342482932389141,32.26296296296296,0.5510577484770833,0.44578320555340833,0.29524514728738405,0.3393782506182207,0.028207478914590346,42.8,0.17936382865492967,0.5093114070122974,0.3234444250123315,0.2090377778049829,0.20682664500239994,0.20435079394227482,0.005975940112755027,0.42178876724795134,0.35092472947715375,0.26438529453467374,0.24519980817619141,0.12352325916340301,0.23074997617961104,0.5944802358880799,0.3569369124747319,0.13655265887296625,0.24944620743667006,0.10772128605794318,0.09226814544463499,0.23730799105053538,0.015435997053480853
Qwen-7B-Chat,76.0,39.0,1.8194397404648754,46.93703703703704,0.5810065391551857,0.5738590040308909,0.49940402573078785,0.47657371363409706,0.028207478914590346,39.2,0.15146278864194063,0.6682454631012412,0.40730038705256555,0.38591589748612226,0.36419474446074773,0.49100954655574364,0.16732632315714074,0.4458909825192629,0.42055265199246206,0.38010408606352786,0.4242783197655447,0.3176312378487506,0.3517991440115382,0.8193858466023842,0.5328558193372783,0.26172592950651863,0.28809280295502737,0.16303762214175183,0.1014949599890985,0.4074137191487067,0.21610395874873195
GoGPT,77.0,82.0,1.8169405559829959,34.08518518518518,0.5091294415277401,0.5093246869685935,0.4051768510646015,0.3718719129114546,0.0,42.0,0.051816217166979685,0.4695778929900614,0.3414135597352388,0.2291375641323851,0.14837563663215647,0.2951733690277303,0.0,0.43685265179252103,0.3091479759679688,0.2860825679463339,0.21764926793167552,0.17940282878494243,0.13618031381091802,0.5811074698456077,0.4971621280898052,0.11151800474625578,0.28457947608972217,0.13392376104501041,0.110721774533562,0.28770968826480836,0.15435997053480854
Qwen-14B-Chat,78.0,21.0,1.8040806493431842,58.03703703703703,0.6229348461045291,0.5788231822664522,0.5779266712859431,0.6390420251002665,0.028207478914590346,36.4,0.4583742287848203,0.6935304265699368,0.6049608690045458,0.4220955128754462,0.40915705859170426,0.5534500669269943,0.3107488858632614,0.58146594342039,0.512461509712669,0.49501927487343167,0.509684994523544,0.44997758695239665,0.4690655253487176,0.8400528486680229,0.5838468068336686,0.3846233224921882,0.4040325895100994,0.20379702767718977,0.16300705695218848,0.5103171842945141,0.3035746087184568
InternLM-Chat-7B,79.0,87.0,1.7485961267445225,32.522222222222226,0.4492318601715354,0.4189766430813771,0.2701179007097343,0.3935343544402772,0.007051869728647586,40.4,0.11957588576995312,0.41178369077590005,0.35339298288384363,0.2612972222562286,0.23380403348097387,0.3122026018562532,0.050795490958417726,0.4127504365212095,0.2868670407630702,0.2860825679463339,0.2231593759805787,0.12352325916340301,0.2572294816428451,0.655265536081135,0.4257747455948588,0.09786273885895914,0.28809280295502737,0.145569305483707,0.1076461696854075,0.22050742531244438,0.0
TigerBot-7B-Base-V2,80.0,95.0,1.7325770144289112,28.42962962962963,0.37136500440846926,0.4676255897898782,0.20415887844340383,0.4224176098120406,0.014103739457295173,40.8,0.1594345143599375,0.3937230025839746,0.2815164439922144,0.18491803421210024,0.1663605622845391,0.1504248899852856,0.0,0.3796098905231562,0.22280935204898653,0.181614214482785,0.1267324851247731,0.09999501932275481,0.17779096525314297,0.6698540081274683,0.3441891656006344,0.15475968005602841,0.2670128417631961,0.125189602715988,0.110721774533562,0.24150813248505812,0.06174398821392341
TigerBot-13B-Chat-V1,81.0,48.0,1.720330652902923,43.36666666666667,0.3593854881372283,0.5569807980299823,0.5370948955972624,0.35381987830410244,0.03525934864323793,37.2,0.2471234972579031,0.6465726372709306,0.455218079646985,0.4462152564683288,0.42264575283099126,0.45695108089869785,0.029879700563775133,0.4790315285173162,0.44004847029674843,0.3519779909002647,0.3636671312276097,0.2852799080678593,0.3215368520535564,0.6832267741699405,0.5303062699624589,0.12517327063355238,0.25647286116728046,0.12227821660631387,0.15685584725587948,0.3801127998243089,0.20581329404641138
AquilaChat2-34B,82.0,71.0,1.7093427899008549,36.94444444444444,0.47918065084963773,0.5361312494406247,0.36748598119812687,0.4043655752046884,0.0,38.4,0.37467110874585313,0.5454327833961482,0.37735182918105337,0.24119743592882642,0.22031533924168692,0.31787901279909414,0.07469925140943784,0.5031337437886276,0.4344782364955237,0.3029582250442918,0.3361165909830938,0.17057973884469937,0.24209833566385425,0.5324792296911636,0.14022521561507326,0.1570355577039112,0.281066149224417,0.15139207770305527,0.0953437502927895,0.38431294125883164,0.08232531761856456
TigerBot-13B-Chat-V3,83.0,59.0,1.6845327501939669,40.459259259259255,0.005989758135620472,0.5837873605020135,0.38633141613136424,0.5162881897702719,0.014103739457295173,36.8,0.30292557728388125,0.6176755361638501,0.47019235858274105,0.32561653850391564,0.3192324303297912,0.4484364644844364,0.029879700563775133,0.488069859244058,0.30357774216674416,0.4403742899848061,0.3361165909830938,0.24998754830688702,0.38584422246426764,0.6759325381467739,0.38243240622292707,0.18662196712638718,0.3688993208570473,0.1834173249094708,0.1445534278632615,0.33601131476182,0.18008663229060995
MPT-Instruct-7B,84.0,97.0,1.683357033880937,25.58518518518518,0.4761857717818275,0.1330399767130439,0.2983860531095902,0.292442960639105,0.0,40.0,0.12754761148795,0.45151720479813595,0.3503981270966924,0.33365645303487657,0.17984925652382605,0.27530593072778686,0.0,0.015063884544569691,0.036206519707960315,0.27001051356732636,0.2286694840294819,0.17646179880486143,0.2874917736008269,0.6005587659073853,0.2575044868567709,0.12289739298566964,0.28457947608972217,0.13392376104501041,0.11379737938171651,0.0,0.005145332351160285
LLaMA-2-13B-Chat,85.0,60.0,1.6346010891902605,40.15555555555556,0.3983189160187614,0.31870024272303804,0.5496585188860873,0.4332488305764519,0.09167430647241863,35.6,0.0,0.5273720952042228,0.5630328879844289,0.502494658185055,0.47210429837504336,0.45411287542727735,0.005975940112755027,0.01807666145348363,0.01949581830428632,0.4403742899848061,0.43529853586335104,0.2970440279881834,0.3593647170010336,0.8813868527993004,0.5838468068336686,0.11151800474625578,0.298632783550943,0.1543034638127294,0.14147782301510697,0.4767160528183321,0.0
Claude-1,86.0,9.0,1.5960626510089553,67.28888888888889,0.3024827858488338,0.5788231822664522,0.6501675051966861,0.6787565012364414,0.4231121837188552,28.4,0.5221480345287953,0.8307916568285703,0.6948065426190824,0.6994725641935965,0.6159837035941041,0.5449354505127328,0.3615443768216791,0.6296703739630131,0.3091479759679688,0.7320820769637926,0.6116219934282527,0.5735008461157997,0.6468564906018606,0.970133391081161,0.2600540362315904,0.5484865131397478,0.6780720850039059,0.6492391024573332,0.6551038326569085,0.5061170428599914,0.02058132940464114
TigerBot-7B-SFT-V1,87.0,98.0,1.5400402631854575,24.611111111111114,0.29649302771321334,0.5093246869685935,0.20415887844340383,0.35743028522557285,0.021155609185942757,36.4,0.05580208002597812,0.4731900306284465,0.20365019352628277,0.1326585897608545,0.09442085967500868,0.1901597665851724,0.0,0.29223936016465196,0.2116688844465372,0.24750963743671583,0.15428302536928898,0.13234634910364607,0.12104916783192712,0.5738132338224411,0.17336935748772694,0.11151800474625578,0.21079961191831273,0.08151881107087591,0.06151209696309,0.22470756674696712,0.04630799116044256
TigerBot-7B-Base-V1,88.0,100.0,1.306248944987581,23.085185185185193,0.3354264555947464,0.15388952530240155,0.1633271027547231,0.29605336756057543,0.0,30.4,0.03587276573098594,0.5093114070122974,0.06588682731732678,0.1406985042918154,0.06294723978333912,0.2554384924278435,0.0,0.31031602161813565,0.2645861055581715,0.15991694107112484,0.12122237707586991,0.17352076882478043,0.10970080834768395,0.655265536081135,0.3492882643502734,0.15475968005602841,0.3091727641468587,0.125189602715988,0.1014949599890985,0.0,0.015435997053480853
AquilaChat2-7B-16K,89.0,102.0,1.3041593042148014,22.566666666666666,0.22761080915357793,0.45174021943608195,0.1758907260435479,0.1877411599164625,0.0,30.4,0.05978794288497656,0.37566231439204917,0.21862447246203884,0.13667854702633497,0.14837563663215647,0.22705643771363868,0.0,0.2982649139824799,0.08912374081959462,0.15429172203847222,0.1019369989047088,0.14411046902397018,0.19670489772688157,0.5665189977992745,0.3263423199768978,0.11834563768990408,0.2670128417631961,0.12227821660631387,0.116872984229871,0.0756025458214095,0.025726661755801423
TigerBot-7B-Chat-V3,90.0,92.0,1.2484170603161067,29.918518518518514,0.27852375330635193,0.5361312494406247,0.3360769229760648,0.33215743677527976,0.0,27.2,0.063773805743975,0.5237599575658377,0.23659360718494618,0.24521739319430683,0.20233041358930431,0.45411287542727735,0.0,0.4669804208816604,0.1420409619312289,0.3302807174886046,0.2644851863473525,0.22645930846623885,0.2572294816428451,0.5531462317568023,0.3467387149754539,0.08420747297166252,0.3232260716080795,0.12810098882566215,0.08611693574832599,0.002100070717261375,0.08747064996972484
AquilaChat2-7B,91.0,90.0,1.2354438256356228,30.792592592592587,0.47918065084963773,0.5996727308558099,0.23556793666546597,0.3718719129114546,0.007051869728647586,26.8,0.08768898289796563,0.46235361771329125,0.26953702084360953,0.1969779060085416,0.18434548793692168,0.2980115744991508,0.0029879700563775133,0.4278143210657792,0.2729414562600085,0.2258123640250557,0.0991819448802572,0.10881810926299788,0.1513114597899089,0.6285200039961908,0.43852249246895636,0.15020792476026287,0.3021461104162482,0.1310123749353363,0.09226814544463499,0.24570827391958086,0.08747064996972484
TigerBot-13B-Chat-V2,92.0,55.0,1.195588235932001,42.32962962962962,0.5480628694092732,0.4884751383792359,0.38319051030915796,0.3790927267543954,0.014103739457295173,23.2,0.2710386744118937,0.6285119490790052,0.482171781731346,0.3818959402206418,0.33721735598217384,0.4711421082558003,0.041831580789285186,0.488069859244058,0.27851169006123316,0.42349863288684825,0.33060648293419065,0.2999850579682644,0.39719258194851087,0.6832267741699405,0.3365405174761758,0.19344960007003553,0.2951194566856378,0.17468316658044838,0.1445534278632615,0.43891477990762734,0.16979596758828938
AquilaChat2-34B-16K,93.0,93.0,1.1681104068437196,29.637037037037043,0.4342574648324842,0.01588537035379629,0.2575542774209094,0.40797598212615893,0.0,25.2,0.3946004230408453,0.44429292952136584,0.3563878386709949,0.33365645303487657,0.283262579025026,0.20435079394227482,0.00896391016913254,0.4519165363370907,0.2812968069618455,0.2748321298810287,0.19009872768715963,0.1852848887451045,0.09456966236869306,0.6418927700386629,0.1478738637395318,0.13655265887296625,0.2670128417631961,0.1397465332643587,0.104570564837253,0.2667089810921946,0.015435997053480853
XVERSE-13B-Chat,94.0,61.0,1.1620674125269312,39.9962962962963,0.5061345624599298,0.4884751383792359,0.4962631199085817,0.36104069214704326,0.0493630881005331,22.8,0.14349106292394376,0.5093114070122974,0.3234444250123315,0.3296364957693961,0.30574373609050426,0.4853331356129027,0.04780752090204021,0.47601875160840224,0.37599078158266475,0.42349863288684825,0.38295250939877085,0.20587209860567168,0.37071307648527685,0.7780518424711066,0.3875315049725661,0.12972502592931795,0.2670128417631961,0.14265791937403285,0.110721774533562,0.38641301197609296,0.09261598232088512
RWKV-5-3B,95.0,99.0,1.1358851270479249,24.414814814814818,0.29349814864540313,0.48351096014367456,0.15390438528810443,0.2563388914244007,0.0,25.6,0.019929314294992187,0.46596575535167634,0.23659360718494618,0.02813970085836308,0.03596985130476521,0.1901597665851724,0.00896391016913254,0.31031602161813565,0.21723911824776185,0.13741606494051434,0.10469205292916037,0.16175664890445632,0.13996310030566575,0.5324792296911636,0.32124322122725874,0.12062151533778685,0.2775528223591118,0.15721484992240356,0.1199485890780255,0.2646089103749332,0.030871994106961707
Qwen-1.8B-Chat,96.0,96.0,1.000759993861144,27.43333333333333,0.3474059718659874,0.48351096014367456,0.15390438528810443,0.27078051911028245,0.0,21.2,0.09167484575696405,0.494862856458757,0.24857303033355105,0.1808980769466198,0.12589447956667824,0.2412474650707411,0.0029879700563775133,0.4428782056103489,0.2367349365520482,0.15991694107112484,0.1267324851247731,0.1823438587650235,0.2156188302006202,0.560440467779969,0.36713510997401,0.1320009035772007,0.3021461104162482,0.0960757416192466,0.079965726052017,0.25620862750588774,0.02058132940464114
ChatGLM2-6B,97.0,86.0,0.9893868880210951,32.666666666666664,0.44623698110372517,0.5202458790868284,0.28268152399855917,0.5054569690058606,0.007051869728647586,19.6,0.0956607086159625,0.5671056092264588,0.382592826808568,0.2612972222562286,0.25628519054645216,0.2696295197849459,0.04780752090204021,0.4006993288855538,0.2645861055581715,0.23706280209036096,0.1515279713448374,0.1352873790837271,0.26479505463234054,0.7306393083205236,0.3798828568481076,0.12119048474975755,0.2775528223591118,0.1310123749353363,0.0830413309001715,0.24780834463684226,0.04630799116044256
XVERSE-7B,98.0,89.0,0.8676737630196661,31.01851851851852,0.44024722296810465,0.4189766430813771,0.4397268151088698,0.21301400836675555,0.021155609185942757,16.8,0.01594345143599375,0.4876385811819869,0.25456274190785344,0.200997863274022,0.14387940521906084,0.22705643771363868,0.005975940112755027,0.4428782056103489,0.21723911824776185,0.3688536479982226,0.21213915988277235,0.2352823984064819,0.20427047071637702,0.6151472379537186,0.42322519622003935,0.1342767812250835,0.2951194566856378,0.10772128605794318,0.110721774533562,0.26250883965767186,0.1286333087790071
XVERSE-7B-Chat,99.0,76.0,0.7562455878756625,35.53333333333333,0.4761857717818275,0.5311670712050633,0.39575413359798284,0.32854702985380935,0.007051869728647586,12.8,0.10363243433395937,0.5526570586729185,0.3713621176067509,0.265317179521709,0.21132287641549563,0.2724677252563664,0.05378346101479524,0.4489037594281768,0.38434613228450176,0.3688536479982226,0.33336153695864224,0.29116196802802136,0.20427047071637702,0.607853001930552,0.272801783105688,0.2093807436052149,0.2740394954938065,0.11645544438696559,0.1076461696854075,0.3171106783064676,0.11319731172552627
Qwen-72B,100.0,15.0,0.741454970815541,63.733333333333334,0.685827306528544,0.29189368025100676,0.5842084829303557,0.6173795835714441,0.23271170104537034,6.0,0.2351659086809078,0.8091188309982597,0.6648579847475702,0.602993589822066,0.5620289266369564,0.5789939161697786,0.5228947598660648,0.40672488270338164,0.5737340815261404,0.6332389425328964,0.5868265072081884,0.5970290859564479,0.5522868282331674,0.9360936229730501,0.5583513130854735,0.4005544660273677,0.6991520461957371,0.41341682757372783,0.485945566008411,0.34021145619634274,0.4476439145509447
Qwen-1.8B,101.0,101.0,0.40668096162491585,22.60740740740741,0.3384213346625567,0.0744626735334201,0.2449906541320846,0.41519679596909975,0.0,6.0,0.07174553146197188,0.5020871317355272,0.24857303033355105,0.1889379914775807,0.10341332250119997,0.2554384924278435,0.05677143107117275,0.36755878288750043,0.07519815631653295,0.25313485646936845,0.1763234575649017,0.10881810926299788,0.10213523535818851,0.5665189977992745,0.4079278999711222,0.04779343060553819,0.25295953430197526,0.07569603885152763,0.0399828630260085,0.006300212151784125,0.0
Mistral-7B-Instruct-v0.1,102.0,78.0,0.3665754246534848,35.01111111111111,0.42227794856124323,0.09034804388721639,0.4271631918200449,0.28161173987469373,0.014103739457295173,2.4,0.1833496915139281,0.5345963704809931,0.47618207015704356,0.36581611115872004,0.27427011619883473,0.43140723165591344,0.08366316157857037,0.5302487359688531,0.3537098463777661,0.24188441840406322,0.13775270122257943,0.3323363877491557,0.19670489772688157,0.526400699671858,0.4563693380926929,0.16613906829544225,0.3513326865305212,0.1892400971288191,0.1384022181669525,0.25620862750588774,0.03601732645812199
Aquila2-7B,103.0,104.0,0.30384312199025243,20.555555555555557,0.01497439533905118,0.15388952530240155,0.31723148804282747,0.2780013329532233,0.014103739457295173,3.6,0.06775966860297343,0.4731900306284465,0.2725318766307608,0.21305773507046333,0.19783418217620868,0.28098234167062786,0.01792782033826508,0.09942163799415996,0.13925584503061658,0.2314375830577083,0.2038739978094176,0.09705398934267379,0.09456966236869306,0.6212257679730242,0.002549549374819514,0.12289739298566964,0.2670128417631961,0.12227821660631387,0.11379737938171651,0.1869062938362624,0.0
TigerBot-7B-SFT-V2,104.0,103.0,0.19253884757829742,21.28148148148148,0.4492318601715354,0.329621434841273,0.24813155995429084,0.3213262160108685,0.0,0.4,0.07174553146197188,0.45512934243652103,0.2605524534821559,0.24119743592882642,0.12139824815358259,0.2327328486564796,0.0029879700563775133,0.16871550689918052,0.16432189713612758,0.15991694107112484,0.14326280927148263,0.1588156189243753,0.09835244886344079,0.41698715932435865,0.005099098749639028,0.1320009035772007,0.28809280295502737,0.11354405827729144,0.129175403622489,0.03990134362796612,0.04630799116044256
Chinese-LLaMA-2-7B,105.0,105.0,0.14750075051364947,17.488888888888894,0.0,0.0,0.3612041695537145,0.3393782506182207,0.0,0.0,0.011957588576995313,0.4695778929900614,0.3474032713095412,0.100498931637011,0.06744347119643476,0.3576138893989809,0.0,0.0,0.0,0.2314375830577083,0.12948753914922467,0.17352076882478043,0.15887703277940435,0.6151472379537186,0.0,0.15020792476026287,0.25647286116728046,0.10772128605794318,0.104570564837253,0.0,0.0
BELLE-LLaMA-2,106.0,106.0,0.13336339905720157,15.65925925925926,0.0,0.5788231822664522,0.5213903664862314,0.0,0.0,0.0,0.0,0.0,0.014974278935756086,0.02813970085836308,0.026977388478573908,0.04541128754272774,0.0,0.0,0.0,0.0,0.21489421390722394,0.0,0.42745487390649267,0.5118122276255248,0.5787477080840296,0.0,0.2775528223591118,0.145569305483707,0.110721774533562,0.0,0.11834264407668653
XVERSE-13B,107.0,107.0,0.038601014888082555,4.992592592592592,0.0,0.01588537035379629,0.3360769229760648,0.0,0.0,0.0,0.0,0.0,0.0,0.0,0.14837563663215647,0.0028382054714204837,0.0,0.0,0.0,0.0,0.09367183683135402,0.0,0.07565572989495445,0.0,0.26515313498122944,0.0,0.0,0.0,0.104570564837253,0.0,0.0
