Model,Rank,Rank-Before,WinRate,WinRate-Before,MS-COCO (base) - Expected CLIP score ↑ [ sort ],MS-COCO (base) - Max CLIP score ↑ [ sort ],Caltech-UCSD Birds-200-2011 - Expected CLIP score ↑ [ sort ],Caltech-UCSD Birds-200-2011 - Max CLIP score ↑ [ sort ],DrawBench (image quality categories) - Expected CLIP score ↑ [ sort ],DrawBench (image quality categories) - Max CLIP score ↑ [ sort ],PartiPrompts (image quality categories) - Expected CLIP score ↑ [ sort ],PartiPrompts (image quality categories) - Max CLIP score ↑ [ sort ],dailydall.e - Expected CLIP score ↑ [ sort ],dailydall.e - Max CLIP score ↑ [ sort ],Landing Page - Expected CLIP score ↑ [ sort ],Landing Page - Max CLIP score ↑ [ sort ],Logos - Expected CLIP score ↑ [ sort ],Logos - Max CLIP score ↑ [ sort ],Magazine Cover Photos - Expected CLIP score ↑ [ sort ],Magazine Cover Photos - Max CLIP score ↑ [ sort ],Common Syntactic Processes - Expected CLIP score ↑ [ sort ],Common Syntactic Processes - Max CLIP score ↑ [ sort ],DrawBench (reasoning categories) - Expected CLIP score ↑ [ sort ],DrawBench (reasoning categories) - Max CLIP score ↑ [ sort ],PartiPrompts (reasoning categories) - Expected CLIP score ↑ [ sort ],PartiPrompts (reasoning categories) - Max CLIP score ↑ [ sort ],Relational Understanding - Expected CLIP score ↑ [ sort ],Relational Understanding - Max CLIP score ↑ [ sort ],Detection (PaintSkills) - Expected CLIP score ↑ [ sort ],Detection (PaintSkills) - Max CLIP score ↑ [ sort ],Winoground - Expected CLIP score ↑ [ sort ],Winoground - Max CLIP score ↑ [ sort ],PartiPrompts (knowledge categories) - Expected CLIP score ↑ [ sort ],PartiPrompts (knowledge categories) - Max CLIP score ↑ [ sort ],DrawBench (knowledge categories) - Expected CLIP score ↑ [ sort ],DrawBench (knowledge categories) - Max CLIP score ↑ [ sort ],TIME's most significant historical figures - Expected CLIP score ↑ [ sort ],TIME's most significant historical figures - Max CLIP score ↑ [ sort ],Demographic Stereotypes - Expected CLIP score ↑ [ sort ],Demographic Stereotypes - Max CLIP score ↑ [ sort ],Mental Disorders - Expected CLIP score ↑ [ sort ],Mental Disorders - Max CLIP score ↑ [ sort ],Inappropriate Image Prompts (I2P) - Expected CLIP score ↑ [ sort ],Inappropriate Image Prompts (I2P) - Max CLIP score ↑ [ sort ]
Dreamlike Diffusion v1.0 (1B),1.0,1.0,0.8906250000000001,0.7550000000000001,27.06,28.593,27.071,27.071,29.446,31.775,28.071,29.793,30.507,32.424,27.751,29.513,26.027,29.048,28.419,30.538,26.146,27.745,27.875,29.624,27.998,30.088,26.46,28.525,25.603,27.195,25.381,27.033,29.205,31.118,30.656,32.961,26.17,27.584,23.22,24.839,22.425,24.541,28.473,31.283
Vintedois (22h) Diffusion model v0.1 (1B),2.0,2.0,0.6921875,0.38499999999999995,26.402,28.169,26.209,26.209,27.42,29.887,27.471,29.319,29.901,31.69,27.1,29.07,23.608,26.569,26.279,28.531,25.379,27.467,27.171,28.953,27.299,29.323,26.099,28.261,25.403,26.972,24.409,26.255,28.728,30.602,29.354,32.072,26.653,28.169,22.62,24.868,22.258,24.71,27.149,30.318
Stable Diffusion v1.5 (1B),3.0,5.0,0.65625,0.27999999999999997,26.376,28.147,26.699,26.699,27.843,30.343,27.165,29.34,29.81,32.473,26.553,28.714,23.975,26.931,27.09,29.75,24.978,27.21,26.899,29.078,27.103,29.477,25.272,27.929,24.999,26.977,24.372,26.542,28.248,30.414,28.55,31.554,26.033,27.922,22.134,24.162,22.352,24.366,26.867,30.201
Dreamlike Photoreal v2.0 (1B),4.0,4.0,0.653125,0.28500000000000003,26.104,27.733,26.597,26.597,28.186,31.06,27.392,29.238,30.289,32.345,26.549,28.668,24.582,27.419,27.462,29.855,24.975,26.689,26.843,28.887,27.163,29.322,26.184,28.312,25.123,26.785,24.136,25.983,28.727,30.62,29.421,32.221,25.907,27.373,22.358,24.193,21.809,24.028,28.009,31.036
Stable Diffusion v2 base (1B),5.0,3.0,0.65,0.29500000000000004,26.255,28.052,26.089,26.089,28.923,31.806,27.421,29.388,29.246,31.576,26.535,29.116,24.19,27.284,28.292,31.275,24.731,26.907,27.107,29.492,27.281,29.653,25.839,28.282,25.194,26.976,24.643,27.083,28.105,30.331,29.243,32.155,25.443,27.379,21.82,24.385,21.53,23.717,26.509,30.134
DeepFloyd IF X-Large (4.3B),,,,,25.791,27.653,26.126,26.126,29.691,32.408,27.328,29.176,29.021,31.105,27.448,29.421,25.388,28.423,29.366,32.274,24.795,26.862,26.936,29.1,27.852,29.997,26.0,28.446,25.404,27.136,23.926,25.873,28.175,30.135,30.038,32.743,24.892,26.678,21.659,23.637,21.497,23.484,25.486,28.971
Stable Diffusion v1.4 (1B),,,,,26.425,28.28,26.433,26.433,27.713,30.556,27.228,29.406,29.542,32.076,26.881,29.496,23.582,26.615,26.944,29.566,24.719,26.789,27.01,29.074,26.792,29.278,25.399,28.07,25.069,26.812,24.442,26.347,28.135,30.448,28.325,31.246,26.303,28.057,21.926,24.358,22.637,24.595,26.608,29.841
Safe Stable Diffusion weak (1B),,,,,26.196,27.885,26.68,26.68,27.551,30.098,27.078,29.233,29.577,32.034,26.642,29.103,24.008,26.615,27.201,29.71,24.917,27.028,27.033,29.242,27.208,29.69,25.188,27.827,24.964,26.882,24.337,26.332,28.325,30.628,27.982,30.974,26.24,27.882,22.022,24.128,22.259,24.347,26.63,29.975
DALL-E 2 (3.5B),,,,,27.102,28.714,25.323,25.323,28.56,30.857,27.841,29.623,29.89,31.886,26.35,28.28,25.798,28.257,22.522,25.246,25.301,26.9,27.909,29.722,28.696,30.6,26.839,28.994,26.79,28.382,24.96,26.679,28.628,30.597,30.613,32.92,22.177,24.177,21.529,23.555,15.062,16.36,20.186,22.735
Openjourney v2 (1B),,,,,26.807,28.61,25.661,25.661,26.317,29.183,26.448,28.682,28.956,31.465,26.097,28.122,24.803,27.362,24.812,27.158,23.831,26.053,26.398,28.555,25.795,28.251,24.316,27.084,24.932,26.726,22.811,25.188,27.209,29.476,27.328,30.312,24.25,26.373,20.996,23.57,21.123,24.108,25.056,28.469
GigaGAN (1B),,,,,25.722,27.645,26.569,26.569,25.668,27.828,26.589,28.678,28.154,30.582,25.199,27.185,20.775,23.154,20.637,23.247,24.301,26.324,26.328,28.668,26.145,28.237,24.996,27.004,24.391,26.205,23.28,25.362,27.245,29.449,27.433,30.121,23.746,26.019,20.94,23.343,19.091,22.136,24.886,28.073
Promptist + Stable Diffusion v1.4 (1B),,,,,25.245,27.209,25.207,25.207,24.786,27.488,26.213,28.384,28.776,31.238,24.525,26.693,22.608,25.516,26.105,28.509,23.599,25.233,25.449,27.704,25.462,27.918,23.745,26.363,23.872,25.834,21.741,23.811,27.209,29.446,28.214,30.657,24.663,26.595,20.877,23.337,20.785,23.185,25.051,28.182
DALL-E mini (0.4B),,,,,25.012,27.029,25.648,25.648,22.838,25.168,25.366,27.615,25.483,27.974,19.796,21.853,22.677,24.914,17.046,19.148,21.89,24.111,23.495,26.067,25.2,27.45,23.145,25.743,24.982,26.838,21.337,23.457,25.301,27.538,24.023,26.368,22.972,24.798,21.042,23.494,21.046,22.96,21.367,24.746
Openjourney v1 (1B),,,,,24.894,27.025,24.611,24.611,21.407,24.437,24.868,27.346,27.697,30.206,25.33,27.495,19.74,22.446,22.989,25.714,22.254,24.603,24.223,26.86,23.298,25.935,20.85,23.903,23.859,25.846,20.444,23.165,26.339,28.686,26.85,29.452,24.038,25.885,19.712,22.125,19.291,22.07,23.823,27.315
Lexica Search with Stable Diffusion v1.5 (1B),,,,,21.961,24.592,22.964,22.964,22.862,25.672,22.769,25.521,23.685,26.341,22.429,25.009,21.818,24.365,21.709,23.701,21.728,24.083,22.618,25.314,22.602,25.234,22.138,24.929,22.894,25.118,21.659,23.818,23.01,25.779,23.298,26.011,22.926,25.289,21.601,24.112,21.228,23.99,24.632,28.751
CogView2 (6B),,,,,23.082,25.896,23.656,23.656,22.005,25.267,23.157,26.143,23.247,26.783,18.952,21.609,19.135,21.655,16.365,19.004,21.808,24.546,22.251,25.46,22.854,26.096,22.743,26.103,22.804,25.286,20.928,23.91,21.91,25.171,19.703,23.339,13.897,16.125,20.031,24.113,18.803,21.807,16.534,20.931
